Transaction_ID,Amount,Date,Fraud
TRX0001,5995.448161493808,2022-05-29,0
TRX0002,7406.424648484461,2022-09-22,0
TRX0003,184.39586008089748,2022-05-18,0
TRX0004,6204.410942546215,2022-07-19,0
TRX0005,1814.3762553250276,2022-04-06,1
TRX0006,9787.291187759982,2022-09-14,0
TRX0007,5049.607327181158,2022-06-27,0
TRX0008,7889.120730987319,2022-04-25,0
TRX0009,9257.316533563007,2022-05-18,0
TRX0010,3564.749943463466,2022-06-25,0
TRX0011,5673.900848975463,2022-02-27,0
TRX0012,8956.347139651201,2022-01-19,0
TRX0013,7868.855444983266,2022-12-29,0
TRX0014,4671.025607219444,2022-05-10,0
TRX0015,9161.356605695726,2022-06-18,0
TRX0016,6711.657068685519,2022-10-06,0
TRX0017,7351.661777375042,2022-09-17,0
TRX0018,8609.784030353876,2022-03-23,0
TRX0019,4019.6336000984784,2022-03-21,1
TRX0020,9346.897748583378,2022-05-03,0
TRX0021,4390.0949864143895,2022-04-15,0
TRX0022,5074.650364881705,2022-08-20,0
TRX0023,3126.610263476816,2022-06-29,0
TRX0024,4868.79135356289,2022-10-10,0
TRX0025,6961.038655005081,2022-03-14,0
TRX0026,9925.619967472756,2022-06-04,0
TRX0027,9472.661037773065,2022-03-04,0
TRX0028,9774.054146935867,2022-03-08,0
TRX0029,8789.145754384232,2022-10-31,0
TRX0030,8009.180748333784,2022-03-05,0
TRX0031,1835.3922959014028,2022-12-24,0
TRX0032,8991.024435699986,2022-06-01,0
TRX0033,2745.953068930224,2022-01-22,0
TRX0034,9794.368264092249,2022-01-05,0
TRX0035,1132.847510069985,2022-10-12,0
TRX0036,319.65209243371237,2022-08-16,0
TRX0037,8662.191840987582,2022-05-02,1
TRX0038,559.8175598483585,2022-05-01,1
TRX0039,8059.3405081451765,2022-02-28,0
TRX0040,7453.975778048099,2022-01-01,1
TRX0041,8832.644308493427,2022-10-05,0
TRX0042,9116.938957772538,2022-12-02,0
TRX0043,371.39080760955625,2022-11-19,0
TRX0044,4745.801753771109,2022-01-27,0
TRX0045,5056.389352770768,2022-01-07,0
TRX0046,8148.4304206828,2022-07-07,0
TRX0047,9257.925109519088,2022-03-30,0
TRX0048,9685.421445986247,2022-11-19,0
TRX0049,5728.265333295409,2022-07-27,0
TRX0050,2463.0416568084534,2022-05-03,0
TRX0051,6103.525778681345,2022-09-15,0
TRX0052,5154.8472751110485,2022-03-18,0
TRX0053,3263.3918177539076,2022-05-20,0
TRX0054,2027.3005337904578,2022-04-22,0
TRX0055,6680.6570977962,2022-07-09,0
TRX0056,5448.6527857788615,2022-10-17,0
TRX0057,1223.3964123769751,2022-12-29,0
TRX0058,6480.757930140855,2022-06-26,0
TRX0059,585.9838378934656,2022-08-19,1
TRX0060,6409.994253082585,2022-11-21,1
TRX0061,7827.045260973758,2022-05-14,0
TRX0062,7851.137393836207,2022-07-21,0
TRX0063,1073.1676173612707,2022-02-06,0
TRX0064,9013.945012143626,2022-12-17,0
TRX0065,7412.449830806365,2022-12-20,0
TRX0066,4879.167624172883,2022-01-18,0
TRX0067,1358.4394701122992,2022-01-02,0
TRX0068,4157.674068914686,2022-01-30,0
TRX0069,7352.804868873503,2022-05-13,0
TRX0070,2582.0120693453346,2022-07-12,0
TRX0071,2000.4905311099626,2022-05-11,0
TRX0072,5829.734010296085,2022-09-20,0
TRX0073,4646.279299568419,2022-09-20,0
TRX0074,9766.461112336241,2022-12-05,0
TRX0075,9823.654854823066,2022-07-09,0
TRX0076,7876.66297960038,2022-08-06,0
TRX0077,5238.7392159797455,2022-02-23,0
TRX0078,7166.261006347896,2022-01-01,0
TRX0079,292.4271010359991,2022-05-18,0
TRX0080,2521.469087016746,2022-12-30,0
TRX0081,4788.8197542912585,2022-05-29,0
TRX0082,8078.822105782223,2022-09-22,0
TRX0083,173.59741585148416,2022-07-27,0
TRX0084,897.5866349334384,2022-07-07,0
TRX0085,4023.927593598015,2022-07-14,0
TRX0086,1360.4194905710574,2022-06-18,0
TRX0087,4474.652217011121,2022-03-02,0
TRX0088,6283.741530724965,2022-05-17,0
TRX0089,3547.21918782094,2022-10-20,0
TRX0090,6671.582561916079,2022-02-10,0
TRX0091,8587.58293182144,2022-06-14,0
TRX0092,4996.089730958841,2022-02-11,0
TRX0093,5609.697701433279,2022-08-09,0
TRX0094,6938.5461860487,2022-09-19,0
TRX0095,6756.782620712082,2022-10-02,0
TRX0096,4624.691138195522,2022-03-07,0
TRX0097,2620.1490797931397,2022-03-18,0
TRX0098,9047.107053124038,2022-01-02,0
TRX0099,9918.915556194966,2022-07-10,0
TRX0100,8806.0531668918,2022-01-19,0
TRX0101,8574.833325060412,2022-12-12,0
TRX0102,2043.7981885765157,2022-10-08,0
TRX0103,9182.933752214618,2022-08-23,0
TRX0104,2604.7686762549997,2022-06-04,0
TRX0105,2225.789796234646,2022-09-05,0
TRX0106,9403.642391043792,2022-10-28,0
TRX0107,2002.9524194986382,2022-08-21,0
TRX0108,3160.882182887223,2022-02-26,0
TRX0109,8088.600925398143,2022-07-03,0
TRX0110,8455.979764348604,2022-04-18,0
TRX0111,1273.4090224331367,2022-11-30,0
TRX0112,7627.32999643165,2022-04-19,0
TRX0113,9962.254067718848,2022-01-22,0
TRX0114,3364.7263194342795,2022-02-18,0
TRX0115,8581.03736928271,2022-12-05,0
TRX0116,6204.365809660793,2022-12-08,0
TRX0117,5291.914036620278,2022-03-19,0
TRX0118,5066.694658752086,2022-02-27,0
TRX0119,8937.84509711616,2022-09-09,0
TRX0120,1320.8861709364776,2022-01-15,0
TRX0121,1762.7984371547645,2022-06-05,0
TRX0122,4585.5183115747805,2022-01-22,0
TRX0123,5140.154166683164,2022-09-03,0
TRX0124,7205.654349710743,2022-04-09,0
TRX0125,3960.5329343242597,2022-04-13,0
TRX0126,8151.774356622184,2022-05-10,1
TRX0127,563.7136602235173,2022-03-01,0
TRX0128,9004.572414349355,2022-01-26,0
TRX0129,7437.226666661983,2022-04-21,0
TRX0130,9370.517460315548,2022-10-25,0
TRX0131,170.1309077502539,2022-12-08,0
TRX0132,9632.486104131272,2022-01-31,0
TRX0133,5728.738041181212,2022-05-14,0
TRX0134,2926.5170421683765,2022-04-22,0
TRX0135,4485.2475113096325,2022-03-09,0
TRX0136,9783.799970981865,2022-01-06,1
TRX0137,5807.755520722643,2022-10-05,0
TRX0138,1706.0303689404107,2022-08-27,0
TRX0139,3368.171816313203,2022-06-03,0
TRX0140,6757.298096115716,2022-07-23,0
TRX0141,2359.5591169790637,2022-11-02,0
TRX0142,5194.1435849676445,2022-08-12,0
TRX0143,5840.81470134678,2022-04-02,0
TRX0144,3135.4065213917315,2022-09-03,0
TRX0145,9028.356950284415,2022-07-22,0
TRX0146,7109.328462233846,2022-07-03,0
TRX0147,3295.9863402375895,2022-03-16,0
TRX0148,44.52225576698462,2022-10-11,0
TRX0149,512.5819893212556,2022-06-29,0
TRX0150,3026.2691890934075,2022-11-27,0
TRX0151,8717.887757815433,2022-04-06,0
TRX0152,5539.309601647208,2022-06-05,1
TRX0153,8008.539489171705,2022-09-15,0
TRX0154,4183.993407079674,2022-07-14,0
TRX0155,9992.356391987556,2022-09-29,0
TRX0156,6852.227239739087,2022-02-11,0
TRX0157,2169.3255981041066,2022-07-30,1
TRX0158,3741.032386915378,2022-01-19,0
TRX0159,1408.892227276796,2022-01-09,0
TRX0160,6837.648042347447,2022-11-24,0
TRX0161,7343.132330259686,2022-10-24,0
TRX0162,4845.876686245211,2022-12-16,0
TRX0163,9396.033647131157,2022-01-29,0
TRX0164,803.3792743992145,2022-04-04,0
TRX0165,7091.648844347992,2022-10-04,0
TRX0166,9529.68631311904,2022-07-26,0
TRX0167,4011.3377044561107,2022-04-25,0
TRX0168,1685.4790342885524,2022-07-08,0
TRX0169,8000.209752539163,2022-12-04,0
TRX0170,5986.905242025242,2022-09-26,0
TRX0171,50.572117809348356,2022-10-26,0
TRX0172,229.7832099706305,2022-02-03,0
TRX0173,404.0022826323246,2022-09-11,0
TRX0174,1747.8833971387535,2022-06-01,0
TRX0175,1887.021069249588,2022-03-22,0
TRX0176,9735.50846964695,2022-12-09,0
TRX0177,5014.831813545323,2022-04-24,0
TRX0178,3925.094686859998,2022-08-05,0
TRX0179,5112.2484558615615,2022-09-06,0
TRX0180,292.30263802410076,2022-02-08,0
TRX0181,9102.881297200445,2022-06-12,0
TRX0182,486.88800842391316,2022-08-13,0
TRX0183,3260.2299118863602,2022-12-03,0
TRX0184,8324.58998077747,2022-01-28,0
TRX0185,1108.056425039225,2022-02-24,0
TRX0186,6535.696395468742,2022-07-14,0
TRX0187,3355.765852589739,2022-07-04,0
TRX0188,9804.049217242517,2022-04-15,0
TRX0189,6773.5589880255975,2022-06-12,0
TRX0190,3130.72920720393,2022-06-18,0
TRX0191,9370.758330809937,2022-05-28,0
TRX0192,3150.7845703680096,2022-06-12,0
TRX0193,8883.342649508264,2022-08-13,0
TRX0194,9874.41571439735,2022-09-17,0
TRX0195,6315.826029061815,2022-10-06,0
TRX0196,4331.119375074561,2022-05-09,0
TRX0197,8459.525160083187,2022-04-12,0
TRX0198,8250.300609748208,2022-08-07,0
TRX0199,9959.022323480884,2022-07-08,0
TRX0200,2398.2316202035963,2022-12-14,0
TRX0201,7700.889495758653,2022-04-01,0
TRX0202,1069.0112673036497,2022-01-05,0
TRX0203,4283.891026143113,2022-10-28,0
TRX0204,2585.5127265283277,2022-11-19,0
TRX0205,3176.227401639762,2022-08-31,0
TRX0206,2900.1659002789816,2022-11-22,0
TRX0207,6580.886958643988,2022-08-24,0
TRX0208,4572.241474213827,2022-10-08,1
TRX0209,838.932001321156,2022-05-20,0
TRX0210,3225.5486876878267,2022-03-02,0
TRX0211,2341.4330971584823,2022-11-14,0
TRX0212,5663.818787957718,2022-04-26,0
TRX0213,5311.056235037701,2022-08-02,0
TRX0214,9684.346528251055,2022-04-01,0
TRX0215,3949.820453271734,2022-06-26,1
TRX0216,6758.65984927315,2022-08-03,0
TRX0217,678.6891831783863,2022-09-06,0
TRX0218,2330.531645962974,2022-06-14,0
TRX0219,269.679681785925,2022-12-12,0
TRX0220,1081.2872821202957,2022-02-10,0
TRX0221,1573.4667595292137,2022-08-16,0
TRX0222,4450.219027425305,2022-03-23,0
TRX0223,3143.0194782391577,2022-01-01,0
TRX0224,4514.666674895529,2022-09-26,0
TRX0225,8669.316771263908,2022-10-20,0
TRX0226,3174.8111520958246,2022-06-04,0
TRX0227,1122.1035552726828,2022-10-11,0
TRX0228,2925.7254916638753,2022-07-16,0
TRX0229,6453.460732602322,2022-10-20,0
TRX0230,8685.752090227144,2022-02-03,0
TRX0231,7065.71167215205,2022-01-08,0
TRX0232,6378.325978591571,2022-12-25,0
TRX0233,7712.849766306981,2022-12-06,0
TRX0234,661.4855381294141,2022-09-26,0
TRX0235,1719.3682696031635,2022-07-06,1
TRX0236,4887.735358048352,2022-02-25,0
TRX0237,9485.560524894356,2022-11-11,0
TRX0238,1043.6868715669482,2022-05-25,0
TRX0239,5829.146832173217,2022-09-11,0
TRX0240,4464.383625027935,2022-11-12,0
TRX0241,3335.0544301231125,2022-09-11,0
TRX0242,3239.5470958006727,2022-07-05,0
TRX0243,4781.528302564822,2022-01-16,0
TRX0244,1929.4108463022505,2022-04-19,0
TRX0245,6205.735829759475,2022-01-22,0
TRX0246,4716.032315219931,2022-02-01,0
TRX0247,1514.8664627094017,2022-07-04,0
TRX0248,8505.824461133505,2022-05-28,0
TRX0249,3643.4676015016175,2022-11-23,0
TRX0250,3803.8527665912843,2022-04-07,0
TRX0251,9389.592151792023,2022-02-09,0
TRX0252,3700.5042578362086,2022-09-12,0
TRX0253,5632.430208150807,2022-01-17,0
TRX0254,5172.891636889956,2022-08-04,0
TRX0255,2469.4077514891665,2022-08-28,0
TRX0256,9677.677164188934,2022-11-12,0
TRX0257,6566.652585245594,2022-07-03,0
TRX0258,6827.240288490245,2022-05-10,0
TRX0259,6352.981398037208,2022-05-19,0
TRX0260,7745.311965740189,2022-10-02,0
TRX0261,4890.0241163660685,2022-01-03,0
TRX0262,749.7887670813228,2022-01-21,0
TRX0263,2725.323159909458,2022-06-25,0
TRX0264,4311.988952146877,2022-04-27,1
TRX0265,896.9518199506432,2022-02-06,0
TRX0266,5105.206511741464,2022-08-02,0
TRX0267,3946.3436469208905,2022-01-03,0
TRX0268,3047.6477683830713,2022-01-06,0
TRX0269,9205.350436294324,2022-06-29,0
TRX0270,1453.1598968102646,2022-09-18,0
TRX0271,562.255515915629,2022-10-03,0
TRX0272,8790.575540786878,2022-06-10,0
TRX0273,5660.0097145149075,2022-03-07,0
TRX0274,7619.613185398987,2022-05-05,0
TRX0275,1940.0504823531746,2022-05-13,0
TRX0276,2431.2016863567173,2022-11-22,0
TRX0277,5419.591422161974,2022-08-07,0
TRX0278,3523.884642533659,2022-09-15,0
TRX0279,7100.9484810635095,2022-01-29,0
TRX0280,320.87692300719345,2022-12-09,0
TRX0281,9215.412633607526,2022-07-26,0
TRX0282,9950.422260548048,2022-07-31,0
TRX0283,2361.3450254511026,2022-01-04,0
TRX0284,6449.053874609659,2022-11-12,0
TRX0285,5940.815489139119,2022-12-21,0
TRX0286,6504.214496000998,2022-06-06,0
TRX0287,1281.6235764183366,2022-08-16,0
TRX0288,97.88364126692973,2022-04-17,0
TRX0289,3328.304316590609,2022-02-06,0
TRX0290,5344.690541882835,2022-07-25,0
TRX0291,2072.8789790767723,2022-07-15,0
TRX0292,8168.455511052212,2022-07-14,0
TRX0293,3042.544801900174,2022-04-09,0
TRX0294,6298.58008764362,2022-12-06,0
TRX0295,6299.444452551121,2022-05-02,0
TRX0296,830.864285704154,2022-04-25,0
TRX0297,6877.828838137447,2022-12-08,0
TRX0298,710.4328193113766,2022-05-08,0
TRX0299,3683.6826353635206,2022-10-04,0
TRX0300,3540.4714886297684,2022-12-06,0
TRX0301,1314.938528771561,2022-09-24,0
TRX0302,8808.946950981925,2022-11-10,0
TRX0303,5577.031743510166,2022-07-18,0
TRX0304,4859.573468157388,2022-11-28,0
TRX0305,4032.146787622114,2022-07-18,0
TRX0306,3066.2809518263757,2022-07-30,0
TRX0307,9318.25864328879,2022-05-19,0
TRX0308,1821.0713365233225,2022-06-19,0
TRX0309,9536.54404926548,2022-12-12,0
TRX0310,7038.814490021207,2022-01-22,0
TRX0311,3948.8594582499572,2022-08-04,0
TRX0312,380.8322343291077,2022-10-29,0
TRX0313,1090.2663541433558,2022-10-10,0
TRX0314,7158.290229501997,2022-08-07,0
TRX0315,6211.277380021934,2022-10-12,0
TRX0316,3676.533120448672,2022-07-27,0
TRX0317,2293.0367984202235,2022-02-21,0
TRX0318,5817.889195758657,2022-05-11,0
TRX0319,8409.192202512102,2022-05-16,0
TRX0320,7164.01587444856,2022-04-16,0
TRX0321,8557.816886587865,2022-02-07,0
TRX0322,4645.278500491473,2022-07-11,0
TRX0323,6815.887630503826,2022-03-29,0
TRX0324,7412.046978643788,2022-03-03,0
TRX0325,2614.378069083519,2022-02-26,0
TRX0326,4024.114113551474,2022-07-09,0
TRX0327,9270.3770766785,2022-09-17,0
TRX0328,7318.391672831253,2022-09-14,0
TRX0329,9128.976357487698,2022-02-05,0
TRX0330,2631.7879223663213,2022-05-19,0
TRX0331,6439.639924742466,2022-10-08,0
TRX0332,5410.374276777932,2022-08-27,0
TRX0333,4602.002929076817,2022-08-14,0
TRX0334,6622.098012580494,2022-01-15,0
TRX0335,5930.223889843545,2022-08-14,0
TRX0336,1428.8857754312567,2022-06-15,0
TRX0337,1056.561295354239,2022-05-30,0
TRX0338,1811.6709116303011,2022-10-15,0
TRX0339,5472.331650188072,2022-05-11,0
TRX0340,9356.72660810246,2022-04-16,0
TRX0341,327.91767241420376,2022-11-14,0
TRX0342,9018.363366897718,2022-03-17,0
TRX0343,3323.34768192265,2022-08-31,0
TRX0344,9048.537175861584,2022-02-05,0
TRX0345,6061.02196062715,2022-12-02,0
TRX0346,367.517884916266,2022-05-06,0
TRX0347,7473.888231153982,2022-03-14,0
TRX0348,2598.7650160877006,2022-10-30,0
TRX0349,2748.592549677323,2022-02-19,0
TRX0350,3646.9939246657154,2022-10-18,0
TRX0351,9208.761909097675,2022-10-22,0
TRX0352,3695.4621426527274,2022-09-19,0
TRX0353,2863.619830753102,2022-02-16,0
TRX0354,8579.119396140348,2022-08-07,0
TRX0355,9233.081639280004,2022-01-24,0
TRX0356,9037.824257895572,2022-07-14,0
TRX0357,304.243703712382,2022-07-27,0
TRX0358,4282.090617565921,2022-04-08,0
TRX0359,4873.643877228956,2022-09-15,1
TRX0360,3417.190932763011,2022-11-18,0
TRX0361,12.743741780362393,2022-10-27,0
TRX0362,9911.411256805379,2022-01-02,1
TRX0363,1475.258894790483,2022-11-18,1
TRX0364,847.3532933869204,2022-01-01,0
TRX0365,6048.079228941447,2022-06-05,0
TRX0366,3731.854029787506,2022-10-25,0
TRX0367,9572.692013940281,2022-05-04,0
TRX0368,2616.3303792516826,2022-09-21,0
TRX0369,2322.8788002588703,2022-02-03,0
TRX0370,2313.136711414724,2022-05-08,0
TRX0371,2967.176179023666,2022-04-26,0
TRX0372,7975.527142348555,2022-04-18,0
TRX0373,5781.7596582278875,2022-01-13,0
TRX0374,7759.034286668777,2022-03-11,0
TRX0375,5079.14795984985,2022-09-24,0
TRX0376,3102.694386139837,2022-07-23,0
TRX0377,3045.832040611662,2022-08-25,0
TRX0378,4633.85689082186,2022-11-14,0
TRX0379,4559.0640724041305,2022-09-12,0
TRX0380,2053.765938255423,2022-09-11,0
TRX0381,9816.17407171797,2022-11-14,0
TRX0382,7683.415184602146,2022-05-07,0
TRX0383,7306.4628164766955,2022-04-07,0
TRX0384,9946.067503576665,2022-09-30,0
TRX0385,7841.063541455033,2022-12-29,0
TRX0386,9899.297830331858,2022-11-28,0
TRX0387,9992.937224536889,2022-09-29,0
TRX0388,1049.9049251978568,2022-01-08,0
TRX0389,1977.9170739512724,2022-11-19,0
TRX0390,2031.1786777133207,2022-01-13,0
TRX0391,9771.699950421464,2022-06-13,0
TRX0392,1917.2239301186903,2022-05-11,0
TRX0393,5889.809572394048,2022-05-19,0
TRX0394,7417.015947995003,2022-02-25,0
TRX0395,715.3106868428872,2022-08-28,0
TRX0396,8951.180487566087,2022-05-12,0
TRX0397,6245.209144596723,2022-12-22,0
TRX0398,2529.8083717194463,2022-11-28,0
TRX0399,8689.6826730994,2022-11-28,0
TRX0400,6523.9593393882,2022-09-07,0
TRX0401,623.143506473855,2022-10-12,0
TRX0402,1136.5746873755393,2022-01-10,0
TRX0403,3829.4324236409598,2022-04-04,0
TRX0404,6154.577612627275,2022-11-27,0
TRX0405,6877.974292071929,2022-04-29,0
TRX0406,8452.907934919973,2022-06-21,0
TRX0407,8034.973093791406,2022-12-24,0
TRX0408,587.4068819238852,2022-01-17,0
TRX0409,9299.542561776472,2022-09-03,0
TRX0410,5386.364648408364,2022-11-08,0
TRX0411,2420.5061366804093,2022-08-29,0
TRX0412,4148.91355323959,2022-04-08,0
TRX0413,2318.7639915014556,2022-09-25,0
TRX0414,1155.9831923988816,2022-12-03,0
TRX0415,5898.936776194317,2022-01-01,0
TRX0416,6891.809865137458,2022-03-06,0
TRX0417,62.337129717287354,2022-06-24,0
TRX0418,9798.840475241377,2022-04-25,0
TRX0419,8800.361504729706,2022-05-09,0
TRX0420,7824.99695819178,2022-12-17,0
TRX0421,2146.646561253228,2022-03-22,0
TRX0422,5493.007576992628,2022-09-17,0
TRX0423,5246.7951989484045,2022-10-17,0
TRX0424,702.7987558062741,2022-02-18,0
TRX0425,4005.6682042568987,2022-08-05,0
TRX0426,7500.245884405564,2022-05-26,0
TRX0427,5893.101001710392,2022-01-25,0
TRX0428,2655.3820587303135,2022-12-03,0
TRX0429,9565.736246501869,2022-11-21,0
TRX0430,2276.7531066989777,2022-09-07,0
TRX0431,9745.634106100162,2022-11-21,0
TRX0432,5528.214939535491,2022-06-24,0
TRX0433,1330.5980447838494,2022-02-19,0
TRX0434,6755.222018227509,2022-08-05,0
TRX0435,145.73707301608343,2022-01-09,0
TRX0436,8766.188948105571,2022-10-25,1
TRX0437,230.98836575822713,2022-10-11,0
TRX0438,5593.2841776489795,2022-09-07,0
TRX0439,4265.144684787431,2022-08-05,0
TRX0440,6541.978658187586,2022-11-26,0
TRX0441,2260.1441036692213,2022-06-25,0
TRX0442,1677.1068194415216,2022-11-27,0
TRX0443,9975.57744655908,2022-08-05,0
TRX0444,5763.41768661239,2022-10-21,0
TRX0445,1164.917312846182,2022-08-05,0
TRX0446,9435.13071214506,2022-08-22,0
TRX0447,6888.041366468274,2022-05-09,0
TRX0448,2623.1994263857405,2022-07-03,0
TRX0449,3567.249323528087,2022-05-02,0
TRX0450,6000.8641084704295,2022-01-04,0
TRX0451,3884.935896218937,2022-09-29,0
TRX0452,9303.749540961262,2022-09-21,0
TRX0453,3712.227241377513,2022-05-17,0
TRX0454,2159.6017145813607,2022-01-26,0
TRX0455,1456.6565056792952,2022-05-26,0
TRX0456,3234.897107366646,2022-02-19,0
TRX0457,445.7058057236693,2022-01-24,0
TRX0458,9686.636497883772,2022-03-29,0
TRX0459,6885.734384447171,2022-10-21,0
TRX0460,5748.31333140655,2022-05-19,0
TRX0461,61.20317209946904,2022-02-15,0
TRX0462,6565.563370084357,2022-02-06,0
TRX0463,4832.736713073571,2022-02-20,0
TRX0464,8344.66294950424,2022-03-21,0
TRX0465,4777.741007103711,2022-12-14,1
TRX0466,6430.620667417866,2022-06-23,0
TRX0467,2808.372236398749,2022-04-08,0
TRX0468,2641.9899006774285,2022-01-25,0
TRX0469,3330.105121439676,2022-04-24,0
TRX0470,9761.95209665605,2022-04-18,0
TRX0471,948.3240943770534,2022-10-11,0
TRX0472,5579.27379904153,2022-08-07,0
TRX0473,1710.6427416374434,2022-12-12,0
TRX0474,3953.598152186225,2022-11-17,0
TRX0475,1906.7370455824162,2022-02-27,0
TRX0476,3815.7874047554456,2022-08-11,0
TRX0477,2484.9906163779033,2022-06-09,0
TRX0478,4867.540481297118,2022-12-13,0
TRX0479,1629.7116731150147,2022-10-01,0
TRX0480,8330.796374845904,2022-01-12,0
TRX0481,6697.316041822888,2022-11-21,0
TRX0482,3179.9018854486326,2022-02-07,0
TRX0483,6502.793242265638,2022-03-28,0
TRX0484,5069.1927153553415,2022-05-12,0
TRX0485,7435.601120132522,2022-09-14,0
TRX0486,372.0097680983956,2022-05-19,0
TRX0487,5377.353176791924,2022-09-15,0
TRX0488,8337.503931116351,2022-12-10,0
TRX0489,2390.2963784626704,2022-05-10,0
TRX0490,3518.522387902526,2022-10-25,0
TRX0491,7737.461440631617,2022-09-23,0
TRX0492,4770.796444512031,2022-06-16,0
TRX0493,7785.304135781638,2022-05-26,0
TRX0494,2876.480657967599,2022-05-30,0
TRX0495,512.281078992402,2022-10-09,0
TRX0496,8198.345212484566,2022-12-07,0
TRX0497,6107.5705718513855,2022-04-19,0
TRX0498,5913.678116743171,2022-05-24,0
TRX0499,3673.5242892637157,2022-05-28,0
TRX0500,2386.5558840516023,2022-04-28,0
TRX0501,5984.149193869876,2022-10-17,0
TRX0502,2400.6540688240802,2022-07-24,0
TRX0503,6258.73492524604,2022-01-05,0
TRX0504,64.83194480627583,2022-11-19,0
TRX0505,3977.3753633576034,2022-03-21,0
TRX0506,5289.903749397031,2022-07-25,0
TRX0507,173.50569524456026,2022-03-19,0
TRX0508,3962.3148467235055,2022-01-04,0
TRX0509,5501.081202183597,2022-03-05,0
TRX0510,8335.402159889534,2022-06-14,0
TRX0511,9363.046060938043,2022-09-16,0
TRX0512,8552.583949925536,2022-05-19,0
TRX0513,6159.411335653262,2022-07-01,0
TRX0514,8418.451620870226,2022-12-19,0
TRX0515,1097.3855840149565,2022-07-20,0
TRX0516,1906.3227583975997,2022-05-24,0
TRX0517,2516.6743437786545,2022-01-29,0
TRX0518,2633.117912970112,2022-01-31,0
TRX0519,3940.952206480664,2022-08-05,0
TRX0520,9336.525643873043,2022-04-01,0
TRX0521,2934.9897540989705,2022-08-24,0
TRX0522,1624.383823779685,2022-10-08,0
TRX0523,5631.170563955296,2022-01-08,0
TRX0524,5626.419902432317,2022-06-26,0
TRX0525,777.494398020481,2022-07-12,0
TRX0526,5049.106124152537,2022-01-21,0
TRX0527,9926.527917848076,2022-09-26,0
TRX0528,6833.632710283717,2022-01-31,0
TRX0529,6771.128480400905,2022-07-02,1
TRX0530,3291.5504044930203,2022-12-25,0
TRX0531,604.7807398449426,2022-07-02,0
TRX0532,5860.3694515955185,2022-01-24,0
TRX0533,2514.593065835262,2022-02-02,0
TRX0534,4141.966215136712,2022-03-15,0
TRX0535,5562.067768476281,2022-03-03,0
TRX0536,8481.445964405471,2022-03-12,0
TRX0537,9892.015842475574,2022-05-13,0
TRX0538,4606.682610080926,2022-06-11,0
TRX0539,6558.661207028434,2022-10-28,0
TRX0540,8828.469870587835,2022-07-23,0
TRX0541,2870.6840309855374,2022-12-28,0
TRX0542,7651.237071487714,2022-08-27,0
TRX0543,4792.449942425405,2022-10-11,0
TRX0544,2589.878868692932,2022-07-15,0
TRX0545,8064.945485484465,2022-01-31,0
TRX0546,6622.613947215612,2022-09-10,1
TRX0547,368.05967590834314,2022-09-20,0
TRX0548,5567.126375979383,2022-11-08,0
TRX0549,4482.957140813887,2022-10-05,0
TRX0550,8608.931074194217,2022-05-13,0
TRX0551,2088.013653090056,2022-09-16,0
TRX0552,5879.723844074357,2022-06-01,0
TRX0553,4594.0922772754875,2022-07-15,0
TRX0554,1770.6362136813477,2022-11-25,0
TRX0555,646.3340145614999,2022-09-12,0
TRX0556,1914.198351783101,2022-02-27,0
TRX0557,5802.491446289226,2022-11-19,0
TRX0558,3781.7033821111704,2022-08-05,0
TRX0559,426.24085178265915,2022-04-27,0
TRX0560,4070.0317542532603,2022-01-20,0
TRX0561,6605.7046313741,2022-08-05,0
TRX0562,6675.11219915327,2022-08-24,0
TRX0563,5026.290622176686,2022-08-21,0
TRX0564,6680.203082094837,2022-09-30,0
TRX0565,5119.30066159633,2022-02-19,0
TRX0566,8904.642624439155,2022-05-21,0
TRX0567,4052.513428180027,2022-03-06,0
TRX0568,8481.97888059975,2022-05-26,0
TRX0569,3856.3795530953244,2022-12-18,0
TRX0570,2555.376383142958,2022-12-16,0
TRX0571,4612.393250209226,2022-05-01,0
TRX0572,9918.828991865115,2022-07-08,0
TRX0573,3391.659256075035,2022-03-19,0
TRX0574,2670.2209590707503,2022-08-25,0
TRX0575,4300.758814887391,2022-08-21,0
TRX0576,6393.753881021877,2022-06-19,0
TRX0577,3932.8477453736414,2022-11-17,0
TRX0578,3254.6466523602194,2022-02-21,0
TRX0579,5585.238284917011,2022-06-21,0
TRX0580,7338.01395065384,2022-10-25,0
TRX0581,5214.187329904257,2022-09-14,0
TRX0582,503.60541809877026,2022-09-02,0
TRX0583,8996.738841138358,2022-04-05,0
TRX0584,5013.413039831979,2022-03-20,0
TRX0585,7461.418693942851,2022-11-03,0
TRX0586,8485.15498761855,2022-12-17,0
TRX0587,177.6278310257441,2022-04-24,0
TRX0588,1611.105810114449,2022-11-27,0
TRX0589,8942.174785589223,2022-05-09,0
TRX0590,7474.059530399733,2022-09-19,0
TRX0591,2743.2927146451366,2022-10-29,0
TRX0592,4888.7832928186945,2022-07-31,0
TRX0593,3724.7092640809346,2022-05-22,0
TRX0594,253.20844081971586,2022-12-19,0
TRX0595,4644.552850921083,2022-11-29,0
TRX0596,598.3279969833744,2022-06-04,0
TRX0597,2348.269066924666,2022-03-14,0
TRX0598,4432.532764889644,2022-04-08,0
TRX0599,6275.127783457853,2022-08-28,0
TRX0600,3833.2954437053195,2022-04-07,0
TRX0601,4413.935437388046,2022-09-11,0
TRX0602,8183.647425333508,2022-04-25,0
TRX0603,1032.7459706490283,2022-12-05,0
TRX0604,7197.047993796671,2022-09-22,0
TRX0605,2893.5333292085106,2022-08-21,0
TRX0606,3239.9514870046587,2022-10-19,0
TRX0607,3587.18015821824,2022-06-16,0
TRX0608,2534.7145451426827,2022-08-11,0
TRX0609,9122.738778159295,2022-10-13,0
TRX0610,1835.996061288583,2022-04-18,0
TRX0611,8403.018565174183,2022-12-23,0
TRX0612,3053.6621782939005,2022-03-06,0
TRX0613,9943.965123582568,2022-07-08,0
TRX0614,3908.5880687548765,2022-05-01,0
TRX0615,6703.0597665911555,2022-09-22,0
TRX0616,38.04293570871258,2022-05-01,0
TRX0617,1771.0495046521885,2022-12-01,0
TRX0618,3900.014319758536,2022-10-03,0
TRX0619,1082.8810323495602,2022-10-26,0
TRX0620,1546.7757286965261,2022-08-05,0
TRX0621,9037.486972475039,2022-11-28,0
TRX0622,5294.430120425383,2022-10-04,0
TRX0623,1767.436719807967,2022-05-20,0
TRX0624,7287.939498413735,2022-07-24,1
TRX0625,3902.4163990846673,2022-08-18,0
TRX0626,3564.17506926053,2022-10-08,0
TRX0627,285.652876575343,2022-02-18,0
TRX0628,1535.4596743620468,2022-03-30,0
TRX0629,9351.264722396658,2022-05-21,0
TRX0630,5923.568770478778,2022-10-31,0
TRX0631,1431.4585090350124,2022-10-13,0
TRX0632,590.2059978822853,2022-09-08,0
TRX0633,7930.246168380696,2022-11-22,0
TRX0634,3972.7240427953366,2022-05-16,0
TRX0635,9764.232993749558,2022-06-11,0
TRX0636,9309.441356452933,2022-02-16,0
TRX0637,9184.218337262091,2022-12-16,0
TRX0638,3188.1439647026214,2022-10-23,0
TRX0639,8333.041830347283,2022-01-14,0
TRX0640,9496.173612637736,2022-11-09,0
TRX0641,8602.848272438896,2022-03-17,0
TRX0642,4851.010916376958,2022-03-18,0
TRX0643,8236.673373787147,2022-07-21,0
TRX0644,3137.025070189956,2022-06-26,0
TRX0645,284.3851946929182,2022-09-25,0
TRX0646,803.0713753189663,2022-10-12,0
TRX0647,5377.557232121128,2022-10-31,0
TRX0648,1704.9605143147116,2022-05-17,0
TRX0649,9962.240722393592,2022-11-22,0
TRX0650,4604.584767598372,2022-08-18,0
TRX0651,6382.382590188965,2022-01-31,1
TRX0652,8831.038647645884,2022-05-23,0
TRX0653,6929.32723875738,2022-11-12,0
TRX0654,7042.9214486795645,2022-02-11,0
TRX0655,8569.392957869044,2022-05-05,0
TRX0656,7026.7263235556675,2022-12-09,0
TRX0657,7870.9198284182885,2022-05-23,0
TRX0658,2249.331498206171,2022-11-15,0
TRX0659,514.4515714349087,2022-06-17,0
TRX0660,6437.595431133707,2022-06-06,0
TRX0661,7911.638010009871,2022-12-27,0
TRX0662,3489.4134405665695,2022-08-09,1
TRX0663,4417.608103329111,2022-10-11,0
TRX0664,4689.299140653926,2022-03-28,0
TRX0665,4246.888171241755,2022-08-30,0
TRX0666,5247.448124949569,2022-04-03,0
TRX0667,656.9784492211695,2022-07-12,0
TRX0668,5827.623732575852,2022-01-01,0
TRX0669,5954.510885141158,2022-09-26,0
TRX0670,3058.681049768033,2022-10-06,0
TRX0671,9298.78346354273,2022-04-13,0
TRX0672,9063.250757865957,2022-01-30,0
TRX0673,3333.372942275368,2022-09-07,0
TRX0674,6453.412151553175,2022-12-27,0
TRX0675,304.9947226553193,2022-04-28,0
TRX0676,9170.735842463691,2022-03-05,0
TRX0677,6892.947875468192,2022-12-27,0
TRX0678,7224.953061169835,2022-02-14,1
TRX0679,3866.538081784795,2022-05-04,0
TRX0680,4938.851996040814,2022-08-17,0
TRX0681,9475.19046790182,2022-11-28,0
TRX0682,5056.268390903876,2022-09-26,0
TRX0683,7417.9621882957235,2022-12-04,0
TRX0684,9728.713196961566,2022-03-24,0
TRX0685,7102.569847151135,2022-04-18,0
TRX0686,1544.8762588407371,2022-09-15,0
TRX0687,6537.796368558163,2022-06-04,1
TRX0688,5953.018583763778,2022-12-12,0
TRX0689,864.8382011781224,2022-03-17,0
TRX0690,9627.964294290274,2022-12-20,0
TRX0691,1865.1553615749406,2022-11-13,0
TRX0692,2236.4290129531028,2022-05-19,0
TRX0693,6114.676053531661,2022-04-11,0
TRX0694,8847.472872281098,2022-05-08,0
TRX0695,978.4021023248976,2022-11-26,0
TRX0696,3704.366981798235,2022-05-10,0
TRX0697,9246.680083760544,2022-12-16,0
TRX0698,9934.154367019619,2022-04-15,0
TRX0699,4010.6912001356336,2022-08-13,0
TRX0700,9971.432824246163,2022-01-22,0
TRX0701,1228.978702353543,2022-10-27,0
TRX0702,4702.062945063236,2022-03-03,0
TRX0703,3336.683739091108,2022-09-10,0
TRX0704,8401.142030771132,2022-12-19,0
TRX0705,6841.021709348011,2022-12-04,1
TRX0706,3918.209345230187,2022-09-20,0
TRX0707,2598.4328318281273,2022-06-16,0
TRX0708,7979.218466318285,2022-10-31,0
TRX0709,6030.949953647752,2022-09-10,0
TRX0710,2697.585429104469,2022-11-06,0
TRX0711,5368.325336675379,2022-03-24,0
TRX0712,5661.505002677981,2022-07-10,0
TRX0713,2733.9288842048077,2022-03-29,0
TRX0714,9027.476747653829,2022-07-21,0
TRX0715,8352.485546359681,2022-12-04,0
TRX0716,2443.4585250744303,2022-10-30,1
TRX0717,1864.2130499917514,2022-04-24,0
TRX0718,11.005669750428861,2022-11-06,0
TRX0719,4851.5616555451625,2022-11-15,0
TRX0720,8089.859088529491,2022-08-18,0
TRX0721,9432.169685586541,2022-11-26,0
TRX0722,2578.5202114881226,2022-04-16,0
TRX0723,2657.9638179211456,2022-04-30,0
TRX0724,9374.883294706075,2022-12-12,0
TRX0725,2172.811189164727,2022-04-19,0
TRX0726,5405.221325427739,2022-07-14,0
TRX0727,8849.758713401798,2022-01-31,0
TRX0728,1640.9770889325073,2022-03-01,0
TRX0729,6689.224669649654,2022-04-12,0
TRX0730,3826.1007776369383,2022-12-02,0
TRX0731,6935.443350630581,2022-03-04,0
TRX0732,1829.6077871520251,2022-07-26,0
TRX0733,9099.566544359706,2022-11-12,0
TRX0734,2012.1916033842385,2022-01-29,0
TRX0735,2535.044132324354,2022-03-16,0
TRX0736,888.0400995764246,2022-09-25,0
TRX0737,5109.390633888444,2022-08-29,0
TRX0738,5860.59505294407,2022-11-22,0
TRX0739,1009.9174251881465,2022-05-12,0
TRX0740,6488.738494788486,2022-04-26,0
TRX0741,6276.275328650755,2022-12-19,0
TRX0742,628.8341501972579,2022-01-08,0
TRX0743,5028.2258700478515,2022-07-22,0
TRX0744,5593.041846887536,2022-02-11,0
TRX0745,4395.026306595108,2022-07-14,0
TRX0746,7466.533942376544,2022-05-02,0
TRX0747,6199.748903202089,2022-03-19,0
TRX0748,2190.6785520857993,2022-02-01,0
TRX0749,458.38071396984463,2022-11-04,0
TRX0750,332.3354192440882,2022-05-19,0
TRX0751,4703.733491993655,2022-03-30,0
TRX0752,4841.315688044181,2022-05-01,0
TRX0753,295.38146811341636,2022-10-19,0
TRX0754,7613.769043208159,2022-03-18,0
TRX0755,8626.054347226549,2022-04-09,0
TRX0756,9024.476681160908,2022-11-20,0
TRX0757,4761.303259037943,2022-07-04,0
TRX0758,1164.501452678255,2022-04-02,0
TRX0759,7471.140307669539,2022-03-12,0
TRX0760,8919.28870834302,2022-10-07,0
TRX0761,9916.787728472318,2022-11-25,0
TRX0762,4023.164490249372,2022-09-21,0
TRX0763,8526.489341512028,2022-11-07,0
TRX0764,6651.120800132934,2022-04-22,0
TRX0765,9110.041587762027,2022-01-29,0
TRX0766,6170.264495897804,2022-04-16,0
TRX0767,3297.276619680474,2022-05-06,0
TRX0768,3823.483851959168,2022-08-09,0
TRX0769,5990.00002311897,2022-12-14,0
TRX0770,1514.018294530198,2022-05-19,0
TRX0771,6116.460645515899,2022-07-24,0
TRX0772,3489.7423032802226,2022-12-28,0
TRX0773,4176.931225280308,2022-01-17,0
TRX0774,3497.9972931174293,2022-06-28,0
TRX0775,9258.081606635322,2022-02-09,0
TRX0776,7186.71866583049,2022-07-23,0
TRX0777,5389.274039371533,2022-12-22,0
TRX0778,912.6881011579462,2022-11-09,0
TRX0779,732.8344874753911,2022-04-05,0
TRX0780,9630.823923021879,2022-03-30,0
TRX0781,7979.307143243251,2022-03-16,0
TRX0782,2119.3329578658504,2022-05-09,0
TRX0783,6738.4153055559655,2022-02-25,0
TRX0784,4437.588321600428,2022-07-29,0
TRX0785,3122.8673028652515,2022-01-17,0
TRX0786,894.8361600041843,2022-05-28,0
TRX0787,2444.225057652676,2022-05-28,0
TRX0788,9151.700206370362,2022-10-30,0
TRX0789,2788.7985714191454,2022-07-30,0
TRX0790,4196.295080799449,2022-02-05,0
TRX0791,3263.023560458275,2022-03-03,0
TRX0792,95.42922918426268,2022-12-22,0
TRX0793,4982.198478491965,2022-09-19,1
TRX0794,7020.929040733426,2022-11-13,0
TRX0795,9150.578580322495,2022-01-24,0
TRX0796,5935.886325439922,2022-02-21,0
TRX0797,3423.262298507303,2022-08-22,0
TRX0798,7274.911161318633,2022-10-06,0
TRX0799,2464.9446135421495,2022-07-14,0
TRX0800,4730.258131126718,2022-01-17,0
TRX0801,3578.0845546135465,2022-03-28,0
TRX0802,9836.68518386016,2022-06-29,0
TRX0803,4252.873849747256,2022-01-22,0
TRX0804,1241.1280026516395,2022-01-16,0
TRX0805,7668.649067785819,2022-04-15,0
TRX0806,9848.1823020637,2022-07-03,0
TRX0807,7352.67785148467,2022-05-19,0
TRX0808,6622.216028158957,2022-08-15,0
TRX0809,8215.565178297882,2022-09-04,0
TRX0810,9298.393390515797,2022-01-18,0
TRX0811,7755.316160172737,2022-07-26,0
TRX0812,1306.5728554300779,2022-01-16,0
TRX0813,308.80854445286315,2022-11-25,0
TRX0814,422.5276710784917,2022-06-04,0
TRX0815,4654.129043525254,2022-01-17,0
TRX0816,6390.169594067565,2022-07-01,0
TRX0817,5490.708970373645,2022-03-12,1
TRX0818,4271.564153311975,2022-12-30,0
TRX0819,1234.303471240977,2022-02-28,0
TRX0820,7706.3779239128335,2022-02-22,0
TRX0821,8541.824703717357,2022-12-20,0
TRX0822,911.7612143272231,2022-10-21,0
TRX0823,769.3202964847823,2022-11-18,0
TRX0824,8297.856187057,2022-10-26,0
TRX0825,81.9726821604416,2022-01-08,0
TRX0826,1829.282989998478,2022-12-19,0
TRX0827,4314.449083758577,2022-03-23,0
TRX0828,5752.093524132819,2022-04-07,0
TRX0829,2705.7684287270795,2022-01-21,0
TRX0830,4528.908055338896,2022-03-08,0
TRX0831,3426.642842441815,2022-10-03,0
TRX0832,3575.2379893546204,2022-11-01,0
TRX0833,7913.784569504822,2022-01-01,0
TRX0834,6621.722827285848,2022-12-18,0
TRX0835,6768.857038609243,2022-08-02,0
TRX0836,7678.6831598582685,2022-03-06,0
TRX0837,5912.713487288877,2022-02-26,0
TRX0838,8149.615553250721,2022-04-27,1
TRX0839,1597.008821735999,2022-12-16,0
TRX0840,6840.310351830641,2022-03-29,0
TRX0841,7168.132035246498,2022-03-03,0
TRX0842,757.8799712887511,2022-06-11,0
TRX0843,9511.072603492312,2022-08-02,0
TRX0844,1202.066980076122,2022-08-17,0
TRX0845,6591.616245347068,2022-10-27,0
TRX0846,3729.042892920933,2022-04-22,0
TRX0847,6132.241108988624,2022-03-16,1
TRX0848,2945.813788957125,2022-07-30,0
TRX0849,5689.68305440243,2022-11-11,1
TRX0850,8725.236798075532,2022-10-31,0
TRX0851,8922.3390586992,2022-11-30,0
TRX0852,9530.650872424809,2022-12-01,0
TRX0853,3060.4439671472933,2022-08-29,0
TRX0854,4859.617441902662,2022-12-02,0
TRX0855,3654.8876617908436,2022-09-26,0
TRX0856,9279.595135153484,2022-03-02,0
TRX0857,4730.836297268834,2022-05-13,0
TRX0858,3201.0141618846005,2022-06-19,0
TRX0859,2612.9872029114836,2022-11-23,0
TRX0860,4552.109346650987,2022-10-31,0
TRX0861,5532.034752677056,2022-12-28,0
TRX0862,3425.7659805723392,2022-01-17,0
TRX0863,3378.3269761486454,2022-09-28,0
TRX0864,1606.3364602770664,2022-08-22,0
TRX0865,2148.9327910826883,2022-01-14,1
TRX0866,6108.594933698579,2022-11-10,0
TRX0867,6800.630511104834,2022-08-17,1
TRX0868,9020.124938196283,2022-02-04,0
TRX0869,473.72138318226797,2022-01-24,0
TRX0870,6309.1048596477485,2022-03-06,0
TRX0871,9658.59385921269,2022-05-10,0
TRX0872,2726.52229809217,2022-06-05,0
TRX0873,937.4632069361808,2022-01-10,0
TRX0874,1679.451184442154,2022-07-30,0
TRX0875,4967.299870315828,2022-04-28,0
TRX0876,9698.47257828134,2022-06-22,0
TRX0877,9732.784548141319,2022-04-07,0
TRX0878,6970.7587890792765,2022-06-30,0
TRX0879,1965.3168731702633,2022-09-22,0
TRX0880,7710.10719542153,2022-11-09,1
TRX0881,6904.559977662627,2022-12-07,0
TRX0882,8576.590832577265,2022-05-08,0
TRX0883,2298.1741320931933,2022-01-06,0
TRX0884,7078.479645561325,2022-10-28,0
TRX0885,3012.2631440968107,2022-09-08,1
TRX0886,3650.2220887889503,2022-05-25,0
TRX0887,1258.7703667610313,2022-09-29,0
TRX0888,2848.7678838766924,2022-10-18,0
TRX0889,5130.383076154077,2022-04-25,0
TRX0890,6605.112823489109,2022-08-07,0
TRX0891,5219.404049807053,2022-08-03,0
TRX0892,8623.832515035298,2022-04-05,0
TRX0893,8000.9773620647065,2022-06-11,0
TRX0894,1015.9654498774845,2022-03-05,0
TRX0895,4185.921997440218,2022-02-26,0
TRX0896,1822.5423241139583,2022-09-26,0
TRX0897,7171.298285295234,2022-07-24,0
TRX0898,6629.986592617494,2022-10-04,0
TRX0899,51.65211132195514,2022-10-11,0
TRX0900,8388.744575360854,2022-05-26,0
TRX0901,3777.910661166916,2022-09-30,0
TRX0902,2181.3825644970475,2022-02-11,1
TRX0903,7576.753282033364,2022-08-02,0
TRX0904,3710.516065961617,2022-02-11,0
TRX0905,5715.981319938327,2022-03-08,0
TRX0906,8046.537581965394,2022-07-27,0
TRX0907,5645.0944564974925,2022-07-18,0
TRX0908,244.11227628186364,2022-07-15,0
TRX0909,7369.492242642117,2022-11-06,0
TRX0910,1941.4431694865343,2022-11-27,0
TRX0911,8722.430493744076,2022-07-28,0
TRX0912,2432.740607383218,2022-02-26,0
TRX0913,4370.504219596057,2022-08-08,0
TRX0914,3361.2336037983387,2022-01-01,0
TRX0915,2843.774490198446,2022-12-02,0
TRX0916,2001.1171969508607,2022-07-24,0
TRX0917,2536.961536422235,2022-07-21,0
TRX0918,8152.098943395704,2022-10-27,0
TRX0919,5656.140496145385,2022-06-14,0
TRX0920,4508.213409281308,2022-06-24,0
TRX0921,3463.0651786255735,2022-06-10,0
TRX0922,4943.966583029553,2022-03-19,1
TRX0923,3715.2577962984324,2022-04-06,0
TRX0924,3618.995139985929,2022-10-16,1
TRX0925,2040.0934837764648,2022-05-26,0
TRX0926,7106.360124749218,2022-01-09,0
TRX0927,9536.83922079398,2022-05-12,0
TRX0928,1124.226314615736,2022-10-05,0
TRX0929,4517.691918620068,2022-05-23,0
TRX0930,7350.520175559597,2022-11-02,0
TRX0931,5905.399521353025,2022-02-01,0
TRX0932,1109.9463039366776,2022-12-20,0
TRX0933,932.2709699921397,2022-05-13,0
TRX0934,9046.582898738225,2022-08-07,0
TRX0935,3406.6886271596627,2022-11-02,0
TRX0936,9666.560694707397,2022-05-08,0
TRX0937,5484.120046969064,2022-08-27,1
TRX0938,7906.002694250743,2022-05-09,0
TRX0939,1136.271187449433,2022-11-08,0
TRX0940,99.66154363675525,2022-09-29,0
TRX0941,1094.673812713398,2022-03-23,0
TRX0942,9161.660475912731,2022-01-24,0
TRX0943,6141.328448566541,2022-05-27,0
TRX0944,5104.269351960754,2022-04-23,0
TRX0945,451.80919915903866,2022-02-19,0
TRX0946,7027.97825815452,2022-02-05,0
TRX0947,9743.183572532755,2022-12-17,0
TRX0948,9569.918752773923,2022-09-25,0
TRX0949,2091.1692109522273,2022-07-22,0
TRX0950,6036.952096157691,2022-05-06,0
TRX0951,2558.5735972246175,2022-03-18,0
TRX0952,5757.699041297696,2022-12-12,0
TRX0953,7647.603351978198,2022-05-01,0
TRX0954,9873.297500215262,2022-03-31,0
TRX0955,6886.089198005003,2022-06-26,0
TRX0956,7626.405488745743,2022-06-04,0
TRX0957,7717.713869822852,2022-07-11,0
TRX0958,8990.143619348793,2022-10-23,0
TRX0959,7157.531270020007,2022-01-12,0
TRX0960,4660.708152473166,2022-09-07,0
TRX0961,5254.583994276995,2022-02-13,0
TRX0962,8166.087633711563,2022-09-13,0
TRX0963,2900.7202834597015,2022-10-22,0
TRX0964,2736.851327186725,2022-02-07,0
TRX0965,1569.326209528308,2022-07-19,0
TRX0966,1698.6456847483457,2022-10-06,0
TRX0967,5695.42196650461,2022-08-02,0
TRX0968,4229.0288096458935,2022-08-27,0
TRX0969,220.39873588510093,2022-06-27,0
TRX0970,3735.613514944022,2022-08-12,0
TRX0971,3881.731980771736,2022-06-03,0
TRX0972,8417.81962006333,2022-05-19,0
TRX0973,6670.591102952959,2022-09-14,0
TRX0974,3746.5119434738767,2022-09-27,0
TRX0975,8032.506510337285,2022-10-22,0
TRX0976,7430.214810948283,2022-08-24,0
TRX0977,8999.55821715489,2022-05-25,1
TRX0978,2474.7333969791252,2022-06-24,0
TRX0979,1530.4008556955473,2022-03-02,0
TRX0980,4867.357786638557,2022-06-21,0
TRX0981,7113.215853775303,2022-10-14,0
TRX0982,838.822044772049,2022-06-09,0
TRX0983,8476.565174832052,2022-03-14,0
TRX0984,741.709616460602,2022-05-23,0
TRX0985,1358.5350411658858,2022-05-18,0
TRX0986,811.7230392186507,2022-11-01,0
TRX0987,4152.313374985159,2022-12-13,0
TRX0988,5759.260331976761,2022-12-16,0
TRX0989,358.3508024508643,2022-10-22,0
TRX0990,3430.187322363736,2022-02-08,0
TRX0991,4480.620442451884,2022-01-09,0
TRX0992,7418.314105900471,2022-05-21,0
TRX0993,3732.3331539307046,2022-09-15,0
TRX0994,1610.587874835908,2022-04-22,0
TRX0995,2587.4210433005305,2022-10-04,0
TRX0996,9070.455712550445,2022-12-22,0
TRX0997,4545.673371579517,2022-08-10,0
TRX0998,7598.282201409909,2022-05-21,0
TRX0999,8809.31603563908,2022-08-31,0
TRX1000,2979.3908206902865,2022-11-11,0
